n,collision_rate,height,avg_depth,balance_factor
1000,0,20,10,0.428571
1000,0.01,19,10,0.59375
1000,0.1,24,11,0.414634
5000,0,27,13,0.470588
5000,0.01,28,14,0.736842
5000,0.1,27,14,0.5
10000,0,28,14,0.481481
10000,0.01,30,15,0.545455
10000,0.1,27,15,0.490566
50000,0,35,18,0.555556
50000,0.01,36,18,0.529412
50000,0.1,38,18,0.527778
100000,0,41,21,0.38806
100000,0.01,38,19,0.486486
100000,0.1,37,19,0.506849
